01-Jan-13,54.293
02-Jan-13,53.9276
03-Jan-13,43.8584
04-Jan-13,42.4076
05-Jan-13,41.7938
06-Jan-13,43.9466
07-Jan-13,46.0562
08-Jan-13,52.8494
09-Jan-13,58.865
10-Jan-13,62.213
11-Jan-13,65.5178
12-Jan-13,68.558
13-Jan-13,66.2792
14-Jan-13,70.1024
15-Jan-13,68.8928
16-Jan-13,68.1494
17-Jan-13,57.7724
18-Jan-13,43.5326
19-Jan-13,45.7772
20-Jan-13,51.6686
21-Jan-13,50.5148
22-Jan-13,41.9432
23-Jan-13,41.846
24-Jan-13,45.9176
25-Jan-13,35.6018
26-Jan-13,46.6844
27-Jan-13,43.2086
28-Jan-13,39.1694
29-Jan-13,58.9982
30-Jan-13,62.6396
31-Jan-13,47.5394
01-Feb-13,39.2972
02-Feb-13,41.549
03-Feb-13,45.9176
04-Feb-13,42.5372
05-Feb-13,53.0672
06-Feb-13,56.7716
07-Feb-13,50.3708
08-Feb-13,49.4888
09-Feb-13,48.2882
10-Feb-13,52.5434
11-Feb-13,61.349
12-Feb-13,55.9544
13-Feb-13,53.2382
14-Feb-13,43.997
15-Feb-13,48.3404
16-Feb-13,38.6978
17-Feb-13,36.824
18-Feb-13,41.2916
19-Feb-13,45.0014
20-Feb-13,44.7602
21-Feb-13,50.855
22-Feb-13,46.1444
23-Feb-13,47.5952
24-Feb-13,55.4234
25-Feb-13,45.662
26-Feb-13,52.9448
27-Feb-13,51.5678
28-Feb-13,46.1318
01-Mar-13,44.1014
02-Mar-13,40.2368
03-Mar-13,37.3082
04-Mar-13,42.5714
05-Mar-13,54.4766
06-Mar-13,42.5408
07-Mar-13,45.9734
08-Mar-13,47.039
09-Mar-13,49.5806
10-Mar-13,53.7746
11-Mar-13,60.8828
12-Mar-13,56.1686
13-Mar-13,50.5382
14-Mar-13,45.1706
15-Mar-13,53.2994
16-Mar-13,69.6596
17-Mar-13,66.4556
18-Mar-13,57.9488
19-Mar-13,59.594
20-Mar-13,50.3852
21-Mar-13,46.6286
22-Mar-13,45.113
23-Mar-13,48.5528
24-Mar-13,49.3628
25-Mar-13,43.3796
26-Mar-13,41.5958
27-Mar-13,45.0032
28-Mar-13,47.3918
29-Mar-13,50.999
30-Mar-13,63.0572
31-Mar-13,68.1404
01-Apr-13,61.4534
02-Apr-13,59.981
03-Apr-13,59.3438
04-Apr-13,49.2458
05-Apr-13,50.4734
06-Apr-13,58.4276
07-Apr-13,63.7052
08-Apr-13,69.7118
09-Apr-13,72.8672
10-Apr-13,73.8914
11-Apr-13,73.8212
12-Apr-13,66.3404
13-Apr-13,64.5314
14-Apr-13,64.5494
15-Apr-13,66.9866
16-Apr-13,69.3806
17-Apr-13,72.6638
18-Apr-13,74.2766
19-Apr-13,67.7534
20-Apr-13,54.329
21-Apr-13,58.8182
22-Apr-13,60.1394
23-Apr-13,61.619
24-Apr-13,67.9208
25-Apr-13,67.6976
26-Apr-13,65.2064
27-Apr-13,63.959
28-Apr-13,67.7714
29-Apr-13,69.9476
30-Apr-13,67.721
01-May-13,66.7814
02-May-13,66.2666
03-May-13,62.7368
04-May-13,61.4534
05-May-13,62.3138
06-May-13,62.4434
07-May-13,61.0142
08-May-13,69.0314
09-May-13,74.426
10-May-13,76.442
11-May-13,75.884
12-May-13,67.784
13-May-13,60.026
14-May-13,64.4
15-May-13,76.874
16-May-13,74.3
17-May-13,77.342
18-May-13,75.668
19-May-13,75.326
20-May-13,75.974
21-May-13,73.616
22-May-13,77
23-May-13,75.668
24-May-13,65.894
25-May-13,66.884
26-May-13,69.494
27-May-13,73.4
28-May-13,73.742
29-May-13,73.4
30-May-13,77.342
31-May-13,78.116
01-Jun-13,78.674
02-Jun-13,80.816
03-Jun-13,78.116
04-Jun-13,79.484
05-Jun-13,76.442
06-Jun-13,75.542
07-Jun-13,78.368
08-Jun-13,80.168
09-Jun-13,79.052
10-Jun-13,77.126
11-Jun-13,81.284
12-Jun-13,84.884
13-Jun-13,84.542
14-Jun-13,75.668
15-Jun-13,75.416
16-Jun-13,78.458
17-Jun-13,80.816
18-Jun-13,80.726
19-Jun-13,77.81
20-Jun-13,77.774
21-Jun-13,79.142
22-Jun-13,79.358
23-Jun-13,79.484
24-Jun-13,78.926
25-Jun-13,80.6
26-Jun-13,82.058
27-Jun-13,83.084
28-Jun-13,82.958
29-Jun-13,81.158
30-Jun-13,77.9
01-Jul-13,77.594
02-Jul-13,77.126
03-Jul-13,78.584
04-Jul-13,81.284
05-Jul-13,79.268
06-Jul-13,80.384
07-Jul-13,81.158
08-Jul-13,80.6
09-Jul-13,82.4
10-Jul-13,81.284
11-Jul-13,80.942
12-Jul-13,77.9
13-Jul-13,79.142
14-Jul-13,79.826
15-Jul-13,79.61
16-Jul-13,81.842
17-Jul-13,82.184
18-Jul-13,82.4
19-Jul-13,82.616
20-Jul-13,81.158
21-Jul-13,80.816
22-Jul-13,82.742
23-Jul-13,82.616
24-Jul-13,81.158
25-Jul-13,81.284
26-Jul-13,81.5
27-Jul-13,79.61
28-Jul-13,82.058
29-Jul-13,81.284
30-Jul-13,81.5
31-Jul-13,79.484
01-Aug-13,80.258
02-Aug-13,81.842
03-Aug-13,83.084
04-Aug-13,83.642
05-Aug-13,80.042
06-Aug-13,77.81
07-Aug-13,79.826
08-Aug-13,82.184
09-Aug-13,83.3
10-Aug-13,84.542
11-Aug-13,85.784
12-Aug-13,86.342
13-Aug-13,85.442
14-Aug-13,74.768
15-Aug-13,68.558
16-Aug-13,70.178
17-Aug-13,71.636
18-Aug-13,79.268
19-Aug-13,78.152
20-Aug-13,79.826
21-Aug-13,80.726
22-Aug-13,81.842
23-Aug-13,82.742
24-Aug-13,75.542
25-Aug-13,72.194
26-Aug-13,72.968
27-Aug-13,77.342
28-Aug-13,81.5
29-Aug-13,84.758
30-Aug-13,80.042
31-Aug-13,80.726
01-Sep-13,83.984
02-Sep-13,82.958
03-Sep-13,83.3
04-Sep-13,84.2
05-Sep-13,81.5
06-Sep-13,78.71
07-Sep-13,77.342
08-Sep-13,79.7
09-Sep-13,80.6
10-Sep-13,79.268
11-Sep-13,78.8
12-Sep-13,81.716
13-Sep-13,79.484
14-Sep-13,75.884
15-Sep-13,78.8
16-Sep-13,81.158
17-Sep-13,71.942
18-Sep-13,69.584
19-Sep-13,73.526
20-Sep-13,76.658
21-Sep-13,76.352
22-Sep-13,70.484
23-Sep-13,70.052
24-Sep-13,70.052
25-Sep-13,70.826
26-Sep-13,70.016
27-Sep-13,68.684
28-Sep-13,68.684
29-Sep-13,66.326
30-Sep-13,66.542
01-Oct-13,69.026
02-Oct-13,73.184
03-Oct-13,73.742
04-Oct-13,75.884
05-Oct-13,76.442
06-Oct-13,77
07-Oct-13,73.868
08-Oct-13,62.942
09-Oct-13,66.2
10-Oct-13,67.442
11-Oct-13,72.284
12-Oct-13,72.626
13-Oct-13,70.484
14-Oct-13,67.568
15-Oct-13,67.568
16-Oct-13,66.326
17-Oct-13,74.516
18-Oct-13,72.536
19-Oct-13,68.594
20-Oct-13,62.078
21-Oct-13,62.078
22-Oct-13,64.742
23-Oct-13,56.426
24-Oct-13,53.168
25-Oct-13,47.552
26-Oct-13,49.352
27-Oct-13,58.442
28-Oct-13,61.826
29-Oct-13,63.968
30-Oct-13,66.542
31-Oct-13,67.442
01-Nov-13,69.494
02-Nov-13,60.458
03-Nov-13,54.752
04-Nov-13,53.726
05-Nov-13,53.6
06-Nov-13,65.21
07-Nov-13,60.926
08-Nov-13,49.226
09-Nov-13,50.252
10-Nov-13,55.994
11-Nov-13,52.52
12-Nov-13,51.71
13-Nov-13,37.868
14-Nov-13,44.294
15-Nov-13,53.978
16-Nov-13,63.194
17-Nov-13,63.878
18-Nov-13,66.11
19-Nov-13,51.71
20-Nov-13,51.026
21-Nov-13,58.478
22-Nov-13,65.768
23-Nov-13,54.41
24-Nov-13,37.31
25-Nov-13,39.236
26-Nov-13,56.984
27-Nov-13,41.72
28-Nov-13,37.31
29-Nov-13,43.052
30-Nov-13,45.068
01-Dec-13,54.284
02-Dec-13,55.184
03-Dec-13,58.01
04-Dec-13,65.21
05-Dec-13,67.568
06-Dec-13,71.384
07-Dec-13,58.694
08-Dec-13,46.688
09-Dec-13,51.872
10-Dec-13,51.278
11-Dec-13,44.51
12-Dec-13,41.468
13-Dec-13,44.168
14-Dec-13,58.136
15-Dec-13,46.31
16-Dec-13,47.426
17-Dec-13,52.484
18-Dec-13,43.61
19-Dec-13,47.426
20-Dec-13,57.794
21-Dec-13,65.21
22-Dec-13,73.526
23-Dec-13,62.078
24-Dec-13,45.068
25-Dec-13,40.01
26-Dec-13,43.826
27-Dec-13,43.952
28-Dec-13,46.562
29-Dec-13,55.778
30-Dec-13,49.352
31-Dec-13,47.552
01-Jan-14,46.094
02-Jan-14,43.61
03-Jan-14,32.252
04-Jan-14,36.878
05-Jan-14,51.62
06-Jan-14,34.862
07-Jan-14,22.91
08-Jan-14,32.594
09-Jan-14,45.536
10-Jan-14,56.498
11-Jan-14,58.01
12-Jan-14,48.11
13-Jan-14,48.668
14-Jan-14,47.552
15-Jan-14,51.242
16-Jan-14,40.226
17-Jan-14,45.068
18-Jan-14,38.426
19-Jan-14,48.884
20-Jan-14,55.4
21-Jan-14,47.768
22-Jan-14,35.168
23-Jan-14,34.826
24-Jan-14,23.81
25-Jan-14,34.61
26-Jan-14,43.61
27-Jan-14,55.526
28-Jan-14,33.152
29-Jan-14,25.268
30-Jan-14,27.752
31-Jan-14,41.504
01-Feb-14,41.846
02-Feb-14,57.11
03-Feb-14,60.71
04-Feb-14,46.994
05-Feb-14,53.51
06-Feb-14,41.936
07-Feb-14,43.952
08-Feb-14,46.058
09-Feb-14,50
10-Feb-14,49.604
11-Feb-14,35.168
12-Feb-14,31.91
13-Feb-14,36.842
14-Feb-14,46.652
15-Feb-14,46.526
16-Feb-14,49.226
17-Feb-14,49.658
18-Feb-14,57.11
19-Feb-14,67.442
20-Feb-14,70.142
21-Feb-14,54.752
22-Feb-14,53.852
23-Feb-14,54.752
24-Feb-14,58.694
25-Feb-14,59.936
26-Feb-14,40.478
27-Feb-14,44.852
28-Feb-14,46.742
01-Mar-14,48.758
02-Mar-14,55.742
03-Mar-14,50.252
04-Mar-14,34.826
05-Mar-14,40.442
06-Mar-14,40.226
07-Mar-14,41.936
08-Mar-14,51.926
09-Mar-14,60.71
10-Mar-14,63.068
11-Mar-14,64.868
12-Mar-14,59.9
13-Mar-14,42.926
14-Mar-14,47.984
15-Mar-14,64.058
16-Mar-14,57.02
17-Mar-14,43.862
18-Mar-14,41.684
19-Mar-14,51.242
20-Mar-14,56.552
21-Mar-14,55.994
22-Mar-14,64.526
23-Mar-14,56.552
24-Mar-14,48.542
25-Mar-14,46.526
26-Mar-14,42.368
27-Mar-14,49.568
28-Mar-14,58.478
29-Mar-14,62.726
30-Mar-14,51.926
31-Mar-14,58.91
01-Apr-14,65.642
02-Apr-14,69.026
03-Apr-14,73.4
04-Apr-14,72.41
05-Apr-14,69.71
06-Apr-14,59.468
07-Apr-14,63.662
08-Apr-14,60.71
09-Apr-14,59.594
10-Apr-14,64.31
11-Apr-14,67.784
12-Apr-14,70.142
13-Apr-14,71.942
14-Apr-14,73.526
15-Apr-14,56.984
16-Apr-14,51.584
17-Apr-14,56.768
18-Apr-14,59.252
19-Apr-14,55.868
20-Apr-14,59.9
21-Apr-14,63.968
22-Apr-14,69.368
23-Apr-14,67.91
24-Apr-14,68.558
25-Apr-14,69.152
26-Apr-14,69.458
27-Apr-14,75.2
28-Apr-14,79.016
29-Apr-14,78.242
30-Apr-14,75.2
01-May-14,68.252
02-May-14,63.068
03-May-14,65.984
04-May-14,74.3
05-May-14,80.384
06-May-14,77.468
07-May-14,78.242
08-May-14,80.042
09-May-14,81.158
10-May-14,78.368
11-May-14,76.91
12-May-14,80.258
13-May-14,77.9
14-May-14,78.926
15-May-14,67.568
16-May-14,63.626
17-May-14,65.768
18-May-14,60.962
19-May-14,63.842
20-May-14,70.142
21-May-14,78.458
22-May-14,82.526
23-May-14,82.742
24-May-14,77.126
25-May-14,75.668
26-May-14,78.242
27-May-14,80.042
28-May-14,79.826
29-May-14,81.068
30-May-14,77.684
31-May-14,74.768
01-Jun-14,70.484
02-Jun-14,73.526
03-Jun-14,78.458
04-Jun-14,82.958
05-Jun-14,84.2
06-Jun-14,80.348
07-Jun-14,77.9
08-Jun-14,80.258
09-Jun-14,84.884
10-Jun-14,84.542
11-Jun-14,81.284
12-Jun-14,79.826
13-Jun-14,80.726
14-Jun-14,81.5
15-Jun-14,82.742
16-Jun-14,82.274
17-Jun-14,82.616
18-Jun-14,83.174
19-Jun-14,83.516
20-Jun-14,85.784
21-Jun-14,86.342
22-Jun-14,84.2
23-Jun-14,81.932
24-Jun-14,82.742
25-Jun-14,83.642
26-Jun-14,86
27-Jun-14,82.742
28-Jun-14,81.842
29-Jun-14,81.158
30-Jun-14,82.958
01-Jul-14,85.1
02-Jul-14,86.09
03-Jul-14,83.174
04-Jul-14,81.968
05-Jul-14,79.142
06-Jul-14,80.132
07-Jul-14,82.868
08-Jul-14,86.9
09-Jul-14,86.126
10-Jul-14,83.3
11-Jul-14,79.7
12-Jul-14,82.274
13-Jul-14,82.49
14-Jul-14,87.674
15-Jul-14,83.084
16-Jul-14,79.826
17-Jul-14,80.384
18-Jul-14,80.816
19-Jul-14,79.268
20-Jul-14,80.816
21-Jul-14,80.384
22-Jul-14,81.716
23-Jul-14,84.326
24-Jul-14,86.558
25-Jul-14,82.184
26-Jul-14,84.2
27-Jul-14,88.358
28-Jul-14,85.316
29-Jul-14,80.942
30-Jul-14,80.942
31-Jul-14,79.7
01-Aug-14,79.052
02-Aug-14,75.11
03-Aug-14,78.242
04-Aug-14,80.132
05-Aug-14,82.742
06-Aug-14,84.542
07-Aug-14,85.442
08-Aug-14,83.642
09-Aug-14,83.3
10-Aug-14,79.268
11-Aug-14,83.3
12-Aug-14,82.526
13-Aug-14,80.384
14-Aug-14,77.468
15-Aug-14,79.826
16-Aug-14,82.652
17-Aug-14,84.11
18-Aug-14,83.984
19-Aug-14,82.526
20-Aug-14,85.1
21-Aug-14,86.126
22-Aug-14,87.368
23-Aug-14,88.7
24-Aug-14,77
25-Aug-14,78.458
26-Aug-14,77
27-Aug-14,78.026
28-Aug-14,80.042
29-Aug-14,82.958
30-Aug-14,83.858
31-Aug-14,85.316
01-Sep-14,85.658
02-Sep-14,84.758
03-Sep-14,83.858
04-Sep-14,83.426
05-Sep-14,82.958
06-Sep-14,81.932
07-Sep-14,82.4
08-Sep-14,76.568
09-Sep-14,75.326
10-Sep-14,78.368
11-Sep-14,82.742
12-Sep-14,83.084
13-Sep-14,80.384
14-Sep-14,75.11
15-Sep-14,75.236
16-Sep-14,79.7
17-Sep-14,74.768
18-Sep-14,76.91
19-Sep-14,75.326
20-Sep-14,72.5
21-Sep-14,76.442
22-Sep-14,73.094
23-Sep-14,65.084
24-Sep-14,62.168
25-Sep-14,70.61
26-Sep-14,70.826
27-Sep-14,74.084
28-Sep-14,75.2
29-Sep-14,69.8
30-Sep-14,72.842
01-Oct-14,74.3
02-Oct-14,74.642
03-Oct-14,74.21
04-Oct-14,60.152
05-Oct-14,58.226
06-Oct-14,63.626
07-Oct-14,71.51
08-Oct-14,76.226
09-Oct-14,71.942
10-Oct-14,77.216
11-Oct-14,79.574
12-Oct-14,72.662
13-Oct-14,77.252
14-Oct-14,74.768
15-Oct-14,66.542
16-Oct-14,61.61
17-Oct-14,65.084
18-Oct-14,69.584
19-Oct-14,59.468
20-Oct-14,62.636
21-Oct-14,65.084
22-Oct-14,56.984
23-Oct-14,57.326
24-Oct-14,58.352
25-Oct-14,60.152
26-Oct-14,67.784
27-Oct-14,67.568
28-Oct-14,72.626
29-Oct-14,70.826
30-Oct-14,59.936
31-Oct-14,56.894
01-Nov-14,43.7
02-Nov-14,44.726
03-Nov-14,48.326
04-Nov-14,54.284
05-Nov-14,63.752
06-Nov-14,62.384
07-Nov-14,51.368
08-Nov-14,50.936
09-Nov-14,54.32
10-Nov-14,55.436
11-Nov-14,62.636
12-Nov-14,62.852
13-Nov-14,57.452
14-Nov-14,40.352
15-Nov-14,40.568
16-Nov-14,47.336
17-Nov-14,52.736
18-Nov-14,32.594
19-Nov-14,37.526
20-Nov-14,47.768
21-Nov-14,48.542
22-Nov-14,42.368
23-Nov-14,61.61
24-Nov-14,68.684
25-Nov-14,57.11
26-Nov-14,49.1
27-Nov-14,44.6
28-Nov-14,38.984
29-Nov-14,46.184
30-Nov-14,56.084
01-Dec-14,58.694
02-Dec-14,59.81
03-Dec-14,61.484
04-Dec-14,56.984
05-Dec-14,56.084
06-Dec-14,58.352
07-Dec-14,50.9
08-Dec-14,44.042
09-Dec-14,45.284
10-Dec-14,42.026
11-Dec-14,40.784
12-Dec-14,45.284
13-Dec-14,48.326
14-Dec-14,51.368
15-Dec-14,49.91
16-Dec-14,53.852
17-Dec-14,49.568
18-Dec-14,49.01
19-Dec-14,48.884
20-Dec-14,48.542
21-Dec-14,48.974
22-Dec-14,45.284
23-Dec-14,52.862
24-Dec-14,59.81
25-Dec-14,46.526
26-Dec-14,47.21
27-Dec-14,51.494
28-Dec-14,61.952
29-Dec-14,58.01
30-Dec-14,42.836
31-Dec-14,40.784
01-Jan-15,44.942
02-Jan-15,53.51
03-Jan-15,61.826
04-Jan-15,57.668
05-Jan-15,44.726
06-Jan-15,46.652
07-Jan-15,33.71
08-Jan-15,25.484
09-Jan-15,39.236
10-Jan-15,37.562
11-Jan-15,44.546
12-Jan-15,49.946
13-Jan-15,45.068
14-Jan-15,38.642
15-Jan-15,40.442
16-Jan-15,43.268
17-Jan-15,45.752
18-Jan-15,50.468
19-Jan-15,52.142
20-Jan-15,55.058
21-Jan-15,53.726
22-Jan-15,52.826
23-Jan-15,50.414
24-Jan-15,43.484
25-Jan-15,46.184
26-Jan-15,43.61
27-Jan-15,40.1
28-Jan-15,38.516
29-Jan-15,42.584
30-Jan-15,40.91
31-Jan-15,42.368
01-Feb-15,53.042
02-Feb-15,44.168
03-Feb-15,39.884
04-Feb-15,44.168
05-Feb-15,44.042
06-Feb-15,38.984
07-Feb-15,47.3
08-Feb-15,56.3
09-Feb-15,60.242
10-Feb-15,44.6
11-Feb-15,47.426
12-Feb-15,47.21
13-Feb-15,35.042
14-Feb-15,45.284
15-Feb-15,35.384
16-Feb-15,40.946
17-Feb-15,37.436
18-Feb-15,36.41
19-Feb-15,24.71
20-Feb-15,27.068
21-Feb-15,49.226
22-Feb-15,57.668
23-Feb-15,46.526
24-Feb-15,35.258
25-Feb-15,39.326
26-Feb-15,39.2
27-Feb-15,44.816
28-Feb-15,43.484
01-Mar-15,41.342
02-Mar-15,58.784
03-Mar-15,53.204
04-Mar-15,67.226
05-Mar-15,58.442
06-Mar-15,38.3
07-Mar-15,47.3
08-Mar-15,58.1
09-Mar-15,63.284
10-Mar-15,69.458
11-Mar-15,73.958
12-Mar-15,61.484
13-Mar-15,54.878
14-Mar-15,62.42
15-Mar-15,61.826
16-Mar-15,66.884
17-Mar-15,70.358
18-Mar-15,60.458
19-Mar-15,58.226
20-Mar-15,60.368
21-Mar-15,63.932
22-Mar-15,58.658
23-Mar-15,55.958
24-Mar-15,61.916
25-Mar-15,67.1
26-Mar-15,64.184
27-Mar-15,54.968
28-Mar-15,45.842
29-Mar-15,47.642
30-Mar-15,57.668
31-Mar-15,67.226
01-Apr-15,64.058
02-Apr-15,68
03-Apr-15,74.858
04-Apr-15,58.478
05-Apr-15,61.484
06-Apr-15,69.116
07-Apr-15,71.384
08-Apr-15,77
09-Apr-15,77.09
10-Apr-15,75.758
11-Apr-15,68
12-Apr-15,68.342
13-Apr-15,73.526
14-Apr-15,75.2
15-Apr-15,60.62
16-Apr-15,55.994
17-Apr-15,66.668
18-Apr-15,70.142
19-Apr-15,69.242
20-Apr-15,66.668
21-Apr-15,62.294
22-Apr-15,69.584
23-Apr-15,63.878
24-Apr-15,63.842
25-Apr-15,67.568
26-Apr-15,69.8
27-Apr-15,62.384
28-Apr-15,64.958
29-Apr-15,56.768
30-Apr-15,66.542
01-May-15,58.1
02-May-15,65.426
03-May-15,68
04-May-15,68
05-May-15,68.684
06-May-15,69.926
07-May-15,67.874
08-May-15,75.974
09-May-15,75.632
10-May-15,75.884
11-May-15,80.6
12-May-15,78.584
13-May-15,72.842
14-May-15,71.6
15-May-15,71.474
16-May-15,73.274
17-May-15,77.09
18-May-15,77.9
19-May-15,80.042
20-May-15,80.6
21-May-15,79.7
22-May-15,67.568
23-May-15,69.8
24-May-15,71.942
25-May-15,75.2
26-May-15,79.142
27-May-15,75.758
28-May-15,76.19
29-May-15,75.416
30-May-15,77.09
31-May-15,80.132
01-Jun-15,79.142
02-Jun-15,76.658
03-Jun-15,72.5
04-Jun-15,73.4
05-Jun-15,75.542
06-Jun-15,80.6
07-Jun-15,77.432
08-Jun-15,81.374
09-Jun-15,78.8
10-Jun-15,80.258
11-Jun-15,81.5
12-Jun-15,85.36836364
13-Jun-15,83.642
14-Jun-15,85.784
15-Jun-15,86.684
16-Jun-15,88.7
17-Jun-15,89.258
18-Jun-15,87.458
19-Jun-15,86
20-Jun-15,87.026
21-Jun-15,86.684
22-Jun-15,85.658
23-Jun-15,86
24-Jun-15,85.874
25-Jun-15,85.748
26-Jun-15,87.332
27-Jun-15,83.3
28-Jun-15,78.368
29-Jun-15,80.384
30-Jun-15,81.5
01-Jul-15,80.6
02-Jul-15,81.5
03-Jul-15,78.242
04-Jul-15,81.5
05-Jul-15,80.6
06-Jul-15,81.158
07-Jul-15,82.832
08-Jul-15,85.19
09-Jul-15,84.974
10-Jul-15,86.558
11-Jul-15,88.016
12-Jul-15,84.758
13-Jul-15,85.874
14-Jul-15,83.984
15-Jul-15,86.774
16-Jul-15,86.774
17-Jul-15,83.174
18-Jul-15,84.974
19-Jul-15,85.532
20-Jul-15,88.232
21-Jul-15,88.358
22-Jul-15,88.916
23-Jul-15,87.458
24-Jul-15,79.916
25-Jul-15,81.158
26-Jul-15,83.642
27-Jul-15,86.306
28-Jul-15,84.29
29-Jul-15,86.432
30-Jul-15,87.116
31-Jul-15,85.532
01-Aug-15,83.606
02-Aug-15,83.39
03-Aug-15,83.174
04-Aug-15,86.648
05-Aug-15,85.874
06-Aug-15,81.932
07-Aug-15,81.716
08-Aug-15,80.258
09-Aug-15,81.374
10-Aug-15,81.5
11-Aug-15,83.516
12-Aug-15,82.4
13-Aug-15,80.258
14-Aug-15,79.484
15-Aug-15,79.916
16-Aug-15,81.716
17-Aug-15,82.274
18-Aug-15,81.5
19-Aug-15,83.3
20-Aug-15,84.074
21-Aug-15,82.958
22-Aug-15,81.716
23-Aug-15,80.6
24-Aug-15,82.616
25-Aug-15,85.658
26-Aug-15,82.616
27-Aug-15,79.232
28-Aug-15,77.468
29-Aug-15,79.016
30-Aug-15,75.542
31-Aug-15,79.7
01-Sep-15,81.842
02-Sep-15,82.616
03-Sep-15,81.5
04-Sep-15,81.5
05-Sep-15,80.258
06-Sep-15,79.232
07-Sep-15,79.916
08-Sep-15,81.842
09-Sep-15,83.084
10-Sep-15,80.258
11-Sep-15,80.726
12-Sep-15,71.384
13-Sep-15,66.668
14-Sep-15,67.226
15-Sep-15,71.168
16-Sep-15,72.968
17-Sep-15,74.516
18-Sep-15,77.342
19-Sep-15,78.242
20-Sep-15,80.384
21-Sep-15,77.9
22-Sep-15,75.884
23-Sep-15,74.858
24-Sep-15,67.91
25-Sep-15,75.2
26-Sep-15,72.068
27-Sep-15,74.084
28-Sep-15,76.442
29-Sep-15,78.8
30-Sep-15,76.226
01-Oct-15,67.226
02-Oct-15,62.51
03-Oct-15,65.894
04-Oct-15,66.326
05-Oct-15,61.826
06-Oct-15,63.158
07-Oct-15,68.9
08-Oct-15,71.6
09-Oct-15,74.3
10-Oct-15,68.126
11-Oct-15,65.984
12-Oct-15,69.368
13-Oct-15,69.152
14-Oct-15,65.768
15-Oct-15,66.542
16-Oct-15,69.242
17-Oct-15,60.8
18-Oct-15,51.368
19-Oct-15,51.152
20-Oct-15,59.036
21-Oct-15,65.21
22-Oct-15,66.884
23-Oct-15,68.684
24-Oct-15,68.468
25-Oct-15,71.6
26-Oct-15,61.268
27-Oct-15,63.41
28-Oct-15,70.484
29-Oct-15,67.352
30-Oct-15,66.11
31-Oct-15,63.21714286
01-Nov-15,68.846
02-Nov-15,70.52
03-Nov-15,67.784
04-Nov-15,67.568
05-Nov-15,68.684
06-Nov-15,71.726
07-Nov-15,68.81
08-Nov-15,54.626
09-Nov-15,57.236
10-Nov-15,58.91
11-Nov-15,61.7
12-Nov-15,63.194
13-Nov-15,54.968
14-Nov-15,49.784
15-Nov-15,51.494
16-Nov-15,56.336
17-Nov-15,63.536
18-Nov-15,69.926
19-Nov-15,61.952
20-Nov-15,57.668
21-Nov-15,57.11
22-Nov-15,47.858
23-Nov-15,41.684
24-Nov-15,45.752
25-Nov-15,51.278
26-Nov-15,61.394
27-Nov-15,61.052
28-Nov-15,61.268
29-Nov-15,63.842
30-Nov-15,65.516
01-Dec-15,62.852
02-Dec-15,59.936
03-Dec-15,50.81
04-Dec-15,48.02
05-Dec-15,50.936
06-Dec-15,53.384
07-Dec-15,53.132
08-Dec-15,52.826
09-Dec-15,56.084
10-Dec-15,57.884
11-Dec-15,62.384
12-Dec-15,64.184
13-Dec-15,62.726
14-Dec-15,64.526
15-Dec-15,58.352
16-Dec-15,59.468
17-Dec-15,61.826
18-Dec-15,46.094
19-Dec-15,40.784
20-Dec-15,45.194
21-Dec-15,59.594
22-Dec-15,66.452
23-Dec-15,70.61
24-Dec-15,73.31
25-Dec-15,72.41
26-Dec-15,71.726
27-Dec-15,71.042
28-Dec-15,73.4
29-Dec-15,72.842
30-Dec-15,72.41
31-Dec-15,64.742
01-Jan-16,54.752
02-Jan-16,44.636
03-Jan-16,45.068
04-Jan-16,39.668
05-Jan-16,35.384
06-Jan-16,40.01
07-Jan-16,53.384
08-Jan-16,49.568
09-Jan-16,53.168
10-Jan-16,45.194
11-Jan-16,39.668
12-Jan-16,43.826
13-Jan-16,41.468
14-Jan-16,46.526
15-Jan-16,54.068
16-Jan-16,55.31
17-Jan-16,41.468
18-Jan-16,34.952
19-Jan-16,33.584
20-Jan-16,39.326
21-Jan-16,45.536
22-Jan-16,37.094
23-Jan-16,33.242
24-Jan-16,41
25-Jan-16,45.626
26-Jan-16,52.268
27-Jan-16,54.41
28-Jan-16,43.052
29-Jan-16,45.968
30-Jan-16,48.668
31-Jan-16,53.042
01-Feb-16,62.384
02-Feb-16,63.284
03-Feb-16,68.468
04-Feb-16,52.394
05-Feb-16,41.684
06-Feb-16,43.394
07-Feb-16,40.658
08-Feb-16,46.526
09-Feb-16,36.068
10-Feb-16,34.142
11-Feb-16,42.584
12-Feb-16,42.026
13-Feb-16,38.426
14-Feb-16,35.978
15-Feb-16,47.552
16-Feb-16,53.51
17-Feb-16,47.894
18-Feb-16,46.31
19-Feb-16,49.226
20-Feb-16,60.242
21-Feb-16,63.968
22-Feb-16,62.852
23-Feb-16,61.394
24-Feb-16,62.042
25-Feb-16,45.626
26-Feb-16,43.826
27-Feb-16,45.968
28-Feb-16,55.742
29-Feb-16,60.926
01-Mar-16,63.41
02-Mar-16,51.584
03-Mar-16,51.368
04-Mar-16,46.868
05-Mar-16,51.026
06-Mar-16,51.368
07-Mar-16,55.868
08-Mar-16,63.968
09-Mar-16,67.784
10-Mar-16,70.826
11-Mar-16,71.258
12-Mar-16,71.942
13-Mar-16,73.742
14-Mar-16,70.61
15-Mar-16,73.184
16-Mar-16,70.394
17-Mar-16,68.468
18-Mar-16,69.8
19-Mar-16,64.184
20-Mar-16,47.768
21-Mar-16,49.226
22-Mar-16,57.2
23-Mar-16,63.842
24-Mar-16,70.484
25-Mar-16,68.684
26-Mar-16,67.442
27-Mar-16,67.784
28-Mar-16,66.884
29-Mar-16,57.668
30-Mar-16,62.942
31-Mar-16,73.526
01-Apr-16,71.168
02-Apr-16,62.816
03-Apr-16,58.784
04-Apr-16,67.442
05-Apr-16,55.184
06-Apr-16,57.542
07-Apr-16,63.842
08-Apr-16,58.91
09-Apr-16,53.168
10-Apr-16,53.384
11-Apr-16,65.984
12-Apr-16,64.742
13-Apr-16,63.158
14-Apr-16,61.232
15-Apr-16,58.748
16-Apr-16,59.126
17-Apr-16,59.216
18-Apr-16,66.542
19-Apr-16,72.932
20-Apr-16,72.716
21-Apr-16,74.3
22-Apr-16,71.726
23-Apr-16,67.784
24-Apr-16,69.332
25-Apr-16,70.79
26-Apr-16,73.958
27-Apr-16,77.9
28-Apr-16,76.442
29-Apr-16,77.558
30-Apr-16,77.558
01-May-16,76.316
02-May-16,78.026
03-May-16,74.984
04-May-16,66.326
05-May-16,60.8
06-May-16,61.268
07-May-16,72.5
08-May-16,76.226
09-May-16,79.358
10-May-16,72.842
11-May-16,79.232
12-May-16,79.916
13-May-16,74.084
14-May-16,78.96356522
15-May-16,64.37808696
16-May-16,72.5
17-May-16,72.41
18-May-16,73.4
19-May-16,67.694
20-May-16,67.136
21-May-16,73.526
22-May-16,68.126
23-May-16,68
24-May-16,74.642
25-May-16,78.584
26-May-16,74.858
27-May-16,75.326
28-May-16,75.632
29-May-16,74.084
30-May-16,77.09
31-May-16,79.7
01-Jun-16,81.5
02-Jun-16,82.058
03-Jun-16,83.984
04-Jun-16,83.858
05-Jun-16,82.058
06-Jun-16,79.574
07-Jun-16,79.484
08-Jun-16,76.91
09-Jun-16,78.368
10-Jun-16,82.958
11-Jun-16,83.516
12-Jun-16,86.684
13-Jun-16,84.074
14-Jun-16,85.442
15-Jun-16,86.216
16-Jun-16,87.458
17-Jun-16,84.542
18-Jun-16,76.784
19-Jun-16,73.742
20-Jun-16,79.916
21-Jun-16,82.274
22-Jun-16,85.874
23-Jun-16,89.132
24-Jun-16,86.684
25-Jun-16,87.674
26-Jun-16,81.158
27-Jun-16,83.174
28-Jun-16,83.3
29-Jun-16,82.616
30-Jun-16,82.4
01-Jul-16,83.516
02-Jul-16,88.79
03-Jul-16,90.032
04-Jul-16,89.132
05-Jul-16,88.016
06-Jul-16,85.658
07-Jul-16,88.142
08-Jul-16,88.358
09-Jul-16,87.548
10-Jul-16,87.026
11-Jul-16,88.142
12-Jul-16,87.584
13-Jul-16,87.926
14-Jul-16,86.342
15-Jul-16,84.542
16-Jul-16,82.526
17-Jul-16,80.474
18-Jul-16,82.616
19-Jul-16,84.758
20-Jul-16,86.216
21-Jul-16,82.058
22-Jul-16,85.532
23-Jul-16,86.9
24-Jul-16,87.674
25-Jul-16,86.432
26-Jul-16,88.574
27-Jul-16,88.142
28-Jul-16,89.6
29-Jul-16,88.484
30-Jul-16,87.926
31-Jul-16,86.774
01-Aug-16,85.658
02-Aug-16,83.642
03-Aug-16,83.084
04-Aug-16,82.742
05-Aug-16,83.858
06-Aug-16,85.874
07-Aug-16,86.216
08-Aug-16,82.742
09-Aug-16,82.742
10-Aug-16,83.084
11-Aug-16,85.316
12-Aug-16,85.1
13-Aug-16,86
14-Aug-16,86.216
15-Aug-16,86.558
16-Aug-16,85.316
17-Aug-16,85.532
18-Aug-16,84.974
19-Aug-16,83.642
20-Aug-16,83.984
21-Aug-16,86.342
22-Aug-16,82.184
23-Aug-16,81.158
24-Aug-16,78.8
25-Aug-16,82.616
26-Aug-16,84.632
27-Aug-16,84.974
28-Aug-16,85.748
29-Aug-16,80.942
30-Aug-16,80.816
31-Aug-16,80.942
01-Sep-16,82.058
02-Sep-16,74.642
03-Sep-16,79.142
04-Sep-16,76.1
05-Sep-16,75.758
06-Sep-16,80.258
07-Sep-16,82.742
08-Sep-16,82.616
09-Sep-16,84.074
10-Sep-16,83.516
11-Sep-16,83.3
12-Sep-16,78.926
13-Sep-16,79.232
14-Sep-16,77.306
15-Sep-16,79.7
16-Sep-16,79.358
17-Sep-16,78.026
18-Sep-16,82.4
19-Sep-16,80.942
20-Sep-16,79.574
21-Sep-16,75.884
22-Sep-16,78.242
23-Sep-16,77.126
24-Sep-16,79.142
25-Sep-16,81.158
26-Sep-16,77.9
27-Sep-16,79.7
28-Sep-16,81.842
29-Sep-16,76.568
30-Sep-16,71.636
01-Oct-16,71.852
02-Oct-16,74.084
03-Oct-16,76.226
04-Oct-16,73.4
05-Oct-16,69.8
06-Oct-16,72.032
07-Oct-16,75.326
08-Oct-16,68.468
09-Oct-16,65.984
10-Oct-16,61.268
11-Oct-16,62.852
12-Oct-16,67.694
13-Oct-16,69.584
14-Oct-16,70.268
15-Oct-16,68.684
16-Oct-16,69.368
17-Oct-16,73.058
18-Oct-16,74.516
19-Oct-16,75.758
20-Oct-16,74.174
21-Oct-16,65.21
22-Oct-16,53.852
23-Oct-16,60.584
24-Oct-16,66.542
25-Oct-16,60.152
26-Oct-16,62.978
27-Oct-16,68.126
28-Oct-16,68.468
29-Oct-16,69.458
30-Oct-16,71.726
31-Oct-16,73.184
01-Nov-16,64.22
02-Nov-16,68.81
03-Nov-16,70.952
04-Nov-16,60.368
05-Nov-16,55.31
06-Nov-16,57.326
07-Nov-16,54.284
08-Nov-16,55.652
09-Nov-16,54.5
10-Nov-16,53.168
11-Nov-16,58.01
12-Nov-16,55.526
13-Nov-16,47.984
14-Nov-16,52.826
15-Nov-16,53.168
16-Nov-16,56.768
17-Nov-16,57.326
18-Nov-16,63.068
19-Nov-16,54.968
20-Nov-16,46.184
21-Nov-16,47.768
22-Nov-16,48.668
23-Nov-16,53.204
24-Nov-16,65.984
25-Nov-16,62.852
26-Nov-16,50.036
27-Nov-16,49.568
28-Nov-16,57.668
29-Nov-16,71.852
30-Nov-16,66.578
01-Dec-16,51.71
02-Dec-16,49.784
03-Dec-16,48.668
04-Dec-16,52.088
05-Dec-16,54.752
06-Dec-16,56.246
07-Dec-16,54.626
08-Dec-16,49.226
09-Dec-16,38.21
10-Dec-16,41.162
11-Dec-16,46.472
12-Dec-16,59.936
13-Dec-16,57.02
14-Dec-16,48.326
15-Dec-16,43.268
16-Dec-16,43.61
17-Dec-16,53.978
18-Dec-16,66.236
19-Dec-16,44.762
20-Dec-16,39.668
21-Dec-16,46.868
22-Dec-16,55.868
23-Dec-16,53.51
24-Dec-16,59.81
25-Dec-16,61.268
26-Dec-16,56.984
27-Dec-16,61.142
28-Dec-16,57.578
29-Dec-16,54.158
30-Dec-16,41.342
31-Dec-16,44.978
01-Jan-17,55.436
02-Jan-17,66.02
03-Jan-17,63.068
04-Jan-17,51.494
05-Jan-17,50.036
06-Jan-17,45.32
07-Jan-17,31.1
08-Jan-17,30.884
09-Jan-17,38.768
10-Jan-17,44.294
11-Jan-17,61.484
12-Jan-17,60.926
13-Jan-17,63.968
14-Jan-17,57.884
15-Jan-17,63.284
16-Jan-17,59.216
17-Jan-17,64.742
18-Jan-17,62.726
19-Jan-17,58.352
20-Jan-17,68
21-Jan-17,63.5
22-Jan-17,57.758
23-Jan-17,53.042
24-Jan-17,54.068
25-Jan-17,59
26-Jan-17,54.752
27-Jan-17,45.41
28-Jan-17,45.284
29-Jan-17,46.526
30-Jan-17,45.626
31-Jan-17,57.2
01-Feb-17,61.484
02-Feb-17,63.284
03-Feb-17,47.804
04-Feb-17,43.052
05-Feb-17,49.442
06-Feb-17,54.842
07-Feb-17,64.616
08-Feb-17,65.3
09-Feb-17,45.968
10-Feb-17,49.316
11-Feb-17,61.358
12-Feb-17,66.542
13-Feb-17,51.584
14-Feb-17,55.868
15-Feb-17,50.594
16-Feb-17,50.126
17-Feb-17,57.326
18-Feb-17,57.326
19-Feb-17,59.126
20-Feb-17,60.71
21-Feb-17,62.384
22-Feb-17,65.984
23-Feb-17,65.768
24-Feb-17,66.884
25-Feb-17,58.91
26-Feb-17,50.468
27-Feb-17,59.378
28-Feb-17,69.584
01-Mar-17,69.71
02-Mar-17,48.452
03-Mar-17,49.01
04-Mar-17,47.642
05-Mar-17,53.384
06-Mar-17,59.9
07-Mar-17,66.11
08-Mar-17,56.894
09-Mar-17,61.826
10-Mar-17,60.584
11-Mar-17,50
12-Mar-17,39.11
13-Mar-17,45.752
14-Mar-17,44.6
15-Mar-17,35.942
16-Mar-17,43.016
17-Mar-17,51.926
18-Mar-17,59.684
19-Mar-17,49.658
20-Mar-17,57.326
21-Mar-17,74.642
22-Mar-17,59.684
23-Mar-17,57.758
24-Mar-17,64.184
25-Mar-17,65.858
26-Mar-17,68.558
27-Mar-17,71.816
28-Mar-17,69.026
29-Mar-17,73.4
30-Mar-17,72.158
31-Mar-17,66.668
